venue,year,pages,title,authors,cites,doi,strict_phylum,strict_class,strict_order,technical_phylum,technical_class,technical_order
iSpaRo,2025,7,3D Mapping Using a Lightweight and Low-Power Monocular Camera Embedded inside a Gripper of Limbed Climbing Robots,Taku Okawara; Ryo Nishibe; Mao Kasano; Kentaro Uno; Kazuya Yoshida,0,10.1109/isparo66239.2025.11436177,Manipulation,Grasping,Grasp Planning / Synthesis,SLAM & Localization,SLAM,Dense Mapping / Reconstruction
iSpaRo,2025,6,"A Compact, Reliable, and Reproducible Termination Method for Synthetic Fiber Tendons in Humanoid Robotic Hands for Space Applications",David M. McDougall; Anthony J. Barcio; Casey V. Junkin; Robert O. Ambrose,0,10.1109/isparo66239.2025.11436445,Locomotion,Legged Locomotion,Bipedal / Humanoid,Manipulation,Dexterous Manipulation,In-hand / Multi-finger
iSpaRo,2024,8,A Convex Formulation of the Soft-Capture Problem,Ibrahima Sory Sow; Geordan Gutow; Howie Choset; Zachary Manchester,2,10.1109/isparo60631.2024.10687907,Other / Unclassified,Unclassified,Unclassified,Theoretical Foundations,Optimization,Convex / Global Optimization
iSpaRo,2025,7,Adaptive Science Operations in Deep Space Missions Using Offline Belief State Planning,Grace Ra Kim; Hailey Warner; Duncan Eddy; Evan Astle; Zachary Booth; Edward Balaban; Mykel J. Kochenderfer,1,10.1109/isparo66239.2025.11436258,Planning,Path/Motion Planning,Motion / Path Planning,Planning,Belief Space Planning,POMDP / Belief-space Planning
iSpaRo,2024,8,Adaptive State-Dependent Riccati Equation Attitude Control for Rotation-Flying Dual-Arm Manipulators,Alessandro Scalvini; Andrea Fois; Saeed Rafee Nekoo; Alejandro Suarez; Anibal Ollero,0,10.1109/isparo60631.2024.10687494,Manipulation,Dexterous Manipulation,Bimanual Manipulation,Control,Classical Control,Adaptive / Robust / Nonlinear Control
iSpaRo,2025,8,"Advancements in Design and Testing of IDRA, a Modular Inflatable Robotic Arm for Space Applications",P. Palmieri; M. Gaidano; M. Melchiorre; L. Salamina; M. Troise; S. Mauro,0,10.1109/isparo66239.2025.11436666,Robot Design & Hardware,Soft Robotics,Soft Robot Design,Robot Design & Hardware,Soft Robotics,Inflatable / Soft Robot Design
iSpaRo,2025,8,A High-Level Discrete Model for the Analysis of Robotic Assembly of Large-Scale Structures*,George Burns; Lucy Berthoud; Arthur Richards,0,10.1109/isparo66239.2025.11436316,Manipulation,Contact-rich Manipulation,Assembly / Insertion / Peg-in-hole,Manipulation,Contact-rich Manipulation,Assembly / Insertion / Peg-in-hole
iSpaRo,2025,8,A Hybrid Adaptive Visual Servoing Approach for Robust Robotic Manipulation in Space,Lina María Amaya-Mejía; Kuldeep Barad; Miguel Olivares-Mendez; Carol Martinez,0,10.1109/isparo66239.2025.11436653,Control,Visual Servoing,Visual Servoing,Control,Classical Control,Adaptive / Robust / Nonlinear Control
iSpaRo,2024,8,A Mask R-CNN Approach to Identify Lunar Landforms in Diverse Lighting Conditions,Aelyn Chong Castro; Sofia Coloma; Ernest Skrzypczyk; Miguel A. Olivares-Mendez,1,10.1109/isparo60631.2024.10687946,Application Domains,Space Robotics,Space / Orbital Robotics,Perception & Sensing,Visual Perception,Semantic / Instance Segmentation
iSpaRo,2025,8,A Microgravity Experiment for Validating Rigid-Body Simulation of Deployable Mechanisms,Mitchell B. Fogelson; Sawyer Thomas; Joseph Kuhl; Jeffrey I. Lipton; Zachary Manchester,0,10.1109/isparo66239.2025.11436581,Other / Unclassified,Unclassified,Unclassified,Manipulation,Contact-rich Manipulation,Deformable Object Manipulation
iSpaRo,2024,7,A Mission Architecture for a Human-Robot Collaborative Planetary Exploration Cascade,Simon Jusner; Stefan Moser; Sebastian Schaffler-Glößl; Richard Halatschek; Matthias Eder; Gerald Steinbauer-Wagner,1,10.1109/isparo60631.2024.10687418,Application Domains,Space Robotics,Space / Orbital Robotics,Planning,Navigation,Autonomous Exploration
iSpaRo,2024,8,A Modular High-Fidelity Photorealistic Simulator of Orbital Scenarios: A Space Debris Removal Use Case,Xiao Li; Antoine Richard; Barış C. Yalçın; Maxime Hubert Delisle; Miguel Olivares-Mendez; Carol Martinez,2,10.1109/isparo60631.2024.10687527,Application Domains,Space Robotics,Space / Orbital Robotics,Perception & Sensing,Visual Perception,3D Reconstruction / Neural Field
iSpaRo,2025,8,A Modular Open-Source Rover for Space Robotics Research,Tomás Plácido De Castro; Jui-Wen Yeh; Ivan Gilberto Martin Enciso; Hugo Allard; Armin Wedler; Josef Reill; Riccardo Giubilato,0,10.1109/isparo66239.2025.11436918,Application Domains,Space Robotics,Planetary Rover,Locomotion,Wheeled Locomotion,Planetary / Rover Mobility
iSpaRo,2025,6,An Agnostic End-Effector Alignment Controller for Robust Assembly of Modular Space Robots,Shamistan Karimov; Elian Neppel; Shreya Santra; Kentaro Uno; Kazuya Yoshida,0,10.1109/isparo66239.2025.11437339,Application Domains,Space Robotics,Space / Orbital Robotics,Manipulation,Contact-rich Manipulation,Assembly / Insertion / Peg-in-hole
iSpaRo,2024,7,Analysis of Sensor Errors of a Suspension Systems for Space Robots,Ferdinand Elhardt; Marco De Stefano; Manfred Schedl; Andreas Stemmer; Tobias Bruckmann; Maximo A. Roa,3,10.1109/isparo60631.2024.10687972,Application Domains,Space Robotics,Space / Orbital Robotics,Robot Design & Hardware,Mechanism Design,Mechanism / Arm / Suspension Design
iSpaRo,2025,6,An Ultra-Wideband Localization Approach for Unknown Anchor Distributions,Martin Hesse; Dorit Borrmann; Andreas Nüchter; Sergio Montenegro,0,10.1109/isparo66239.2025.11436819,SLAM & Localization,Localization,UWB / WiFi / Radio Localization,SLAM & Localization,Localization,UWB / WiFi / Radio Localization
iSpaRo,2025,8,Approach Guidance and Control for Tumbling Uncooperative Target Using Adaptive Artificial Potential Field,Satoshi Ohya; Toshinori Kuwahara,0,10.1109/isparo66239.2025.11436632,Planning,Path/Motion Planning,Vector Field / Potential Field Methods,Planning,Path/Motion Planning,Motion / Path Planning
iSpaRo,2024,7,Autonomous Control of Lunar Excursion Vehicle 2 (LEV-2),Mariko Inazawa; Daichi Hirano; Masataku Sutoh; Hirotaka Sawada; Masaharu Nagata; Gen Sakoda,2,10.1109/isparo60631.2024.10687785,Application Domains,Space Robotics,Space / Orbital Robotics,Application Domains,Space Robotics,Space / Orbital Robotics
iSpaRo,2025,8,Autonomous Legged Mobile Manipulation for Lunar Surface Operations via Constrained Reinforcement Learning*,Alvaro Belmonte-Baeza; Miguel Cazorla; Gabriel J. García; Carlos J. Pérez-Del-Pulgar; Jorge Pomares,0,10.1109/isparo66239.2025.11437097,Application Domains,Space Robotics,Space / Orbital Robotics,Planning,Task & Motion Planning,Task / Mission Planning
iSpaRo,2025,7,Autonomous Planning In-space Assembly Reinforcement-learning free-flYer (APIARY) International Space Station Astrobee Testing,Samantha Chapin; Kenneth Stewart; Roxana Leontie; Carl Glen Henshaw,2,10.1109/isparo66239.2025.11436341,Manipulation,Contact-rich Manipulation,Assembly / Insertion / Peg-in-hole,Manipulation,Contact-rich Manipulation,Assembly / Insertion / Peg-in-hole
iSpaRo,2024,7,Axis Kinematics Algorithm for Satellite Manipulator System in Orbital Motion,Junsik Kim; Yuna Choi; Youngjin Choi; Donghoon Son; Alejandro Astudillo; Jan Swevers; Jonghoon Park; Daehee Won,0,10.1109/isparo60631.2024.10687540,Application Domains,Space Robotics,Space / Orbital Robotics,Application Domains,Space Robotics,Space / Orbital Robotics
iSpaRo,2025,8,Bi-Objective Optimal Mission Planning for Active Debris Removal with Refueling,Vivid Chutivikai; Ryo Iijima; Toshinori Kuwahara,0,10.1109/isparo66239.2025.11436815,Planning,Path/Motion Planning,Motion / Path Planning,Planning,Task & Motion Planning,Task / Mission Planning
iSpaRo,2024,6,Breadboarding the European Moon Rover System: discussion and results of the analogue field test campaign,Cristina Luna; Augusto Gómez Eguíluz; Jorge Barrientos-Díez; Almudena Moreno; Alba Guerra; Manuel Esquer; Marina L. Seoane; Steven Kay; Angus Cameron; Carmen Camañes; Philipp Haas; Vassilios Papantoniou; Armin Wedler; Bernhard Rebele; Jennifer Reynolds; Markus Landgraf,1,10.1109/isparo60631.2024.10687700,Manipulation,Contact-rich Manipulation,Deformable Object Manipulation,Locomotion,Wheeled Locomotion,Planetary / Rover Mobility
iSpaRo,2025,6,Bridging the Basilisk Astrodynamics Framework with ROS 2 for Modular Spacecraft Simulation and Hardware Integration,E. Krantz; N. N. Chan; G. Tibert; H. Mao; C. Fuglesang,1,10.1109/isparo66239.2025.11437323,Application Domains,Space Robotics,Space / Orbital Robotics,Robot Design & Hardware,Modular / Reconfigurable Robot,Modular / Reconfigurable
iSpaRo,2024,6,Characterization of a Rotating Magnetic Dipole Field for Contactless Detumbling of Space Debris,Travis J. Allen; Adam J. Sperry; Nicholas R. Posselli; Benjamin A. Minor; Jake J. Abbott,3,10.1109/isparo60631.2024.10687552,Robot Design & Hardware,Microrobotics,Magnetic Microrobot,Theoretical Foundations,Dynamics,Robot / Spacecraft Dynamics
iSpaRo,2024,8,Comparative Analysis of Connection Interfaces for Space Applications,Kosuke Fujii; Ismael Rodriguez; Ferdinand Elhardt; Gerhard Grunwald; Maximo A. Roa,2,10.1109/isparo60631.2024.10688294,Other / Unclassified,Unclassified,Unclassified,Application Domains,Space Robotics,Space / Orbital Robotics
iSpaRo,2024,6,Comparison of Concentric Surface Planetary Explorations Using an Ackerman Rover in a Lunar Simulation,Miguel Á. González-Santamarta; Francisco J. Rodríguez-Lera,0,10.1109/isparo60631.2024.10685849,Application Domains,Space Robotics,Planetary Rover,Planning,Navigation,Autonomous Exploration
iSpaRo,2025,6,Computing Informative Views to Support Remote Robot Operations,Michael W. Lanighan; Kenji Brameld,0,10.1109/isparo66239.2025.11436511,Other / Editorial,Robot Vision / Generic,Generic Robot Topic,Planning,Navigation,Autonomous Exploration
iSpaRo,2025,7,Concepts of a Robotic Arm System for Lunar Pressurized Rover and its Dust Mitigation Challenges,N. Tanishima; S. P. Yamaguchi; M. Wada; Y. Yamasaki; A. Otsuka; N. Fujioka,0,10.1109/isparo66239.2025.11436735,Application Domains,Space Robotics,Planetary Rover,Locomotion,Wheeled Locomotion,Planetary / Rover Mobility
iSpaRo,2025,8,Control Barrier Functions for Safe Real-Time Control of Spacecraft Onboard Robotic Manipulators,Jan Luca Loettgen; Kevin Worrall; Gerardo Aragon-Camerasa; Matteo Ceriotti; Roberto Lampariello,0,10.1109/isparo66239.2025.11437383,Application Domains,Space Robotics,Space / Orbital Robotics,Control,Safety-Critical Control,Control Barrier Functions
iSpaRo,2025,8,Convex Maneuver Planning for Spacecraft Collision Avoidance,Fausto Vega; Jon Arrizabalaga; Ryan Watson; Zachary Manchester,0,10.1109/isparo66239.2025.11437385,Application Domains,Space Robotics,Space / Orbital Robotics,Planning,Path/Motion Planning,Trajectory Optimization
iSpaRo,2025,6,Cooperative Operations Between the Kalman Planetary Rover and an Unmanned Aerial Vehicle for Planetary Exploration,Tymoteusz Glazar,0,10.1109/isparo66239.2025.11436136,SLAM & Localization,State Estimation,Bayesian Filtering,Planning,Navigation,Autonomous Exploration
iSpaRo,2025,6,"Cosmic Gripper-1: 3-Finger Gripper for Space Tasks
                    <sup>*</sup>",Taewon Choi; Sangphil Choi; Bureum Jun; Jae-Han Park; Daehee Won; Dong-Hyuk Lee,0,10.1109/isparo66239.2025.11436858,Manipulation,Grasping,Grasp Planning / Synthesis,Manipulation,Grasping,Grasp Planning / Synthesis
iSpaRo,2024,8,Cosmic Troubleshooting: Exploring Third-Person View for Error Handling in Telerobotic Planetary Infrastructure Maintenance,Liliane Filthaut; Dave Murray-Rust; Maria Luce Lupetti; Neal Y. Lii; Peter Schmaus; Daniel Leidner,1,10.1109/isparo60631.2024.10687823,Application Domains,Space Robotics,Space / Orbital Robotics,Human-Robot Interaction,Teleoperation,General Teleoperation
iSpaRo,2025,7,Crossing the Sim2Real Gap Between Simulation and Ground Testing to Space Deployment of Autonomous Free-flyer Control,Kenneth Stewart; Samantha Chapin; Roxana Leontie; Carl Glen Henshaw,2,10.1109/isparo66239.2025.11436888,Learning for Robotics,Reinforcement Learning,Sim-to-Real,Learning for Robotics,Simulation-to-Real / Transfer,Sim2Real / Transfer
iSpaRo,2025,7,CUTE-Planner: Confidence-aware Uneven Terrain Exploration Planner,Miryeong Park; Dongjin Cho; Sanghyun Kim; Younggun Cho,0,10.1109/isparo66239.2025.11436759,Planning,Navigation,Autonomous Exploration,Planning,Navigation,Autonomous Exploration
iSpaRo,2025,7,Data-Driven Terramechanics Approach Towards a Realistic Real-Time Simulator for Lunar Rovers,Jakob M. Kern; James M. Hurrell; Shreya Santra; Keisuke Takehana; Kentaro Uno; Kazuya Yoshida,0,10.1109/isparo66239.2025.11436587,Application Domains,Space Robotics,Planetary Rover,Locomotion,Wheeled Locomotion,Planetary / Rover Mobility
iSpaRo,2024,7,Deep Learning based Semantic Segmentation for Mars Rover Terrain Classification,Fakher Mohammad; Yang Gao; Steven Kay; Robert Field; Matteo De Benedetti; Evridiki Vasileia Ntagiou,2,10.1109/isparo60631.2024.10687827,Perception & Sensing,Visual Perception,Semantic / Instance Segmentation,Perception & Sensing,Visual Perception,Semantic / Instance Segmentation
iSpaRo,2025,8,Deep Learning Warm Starts for Trajectory Optimization on the International Space Station,Somrita Banerjee; Abhishek Cauligi; Marco Pavone,3,10.1109/isparo66239.2025.11436159,Planning,Path/Motion Planning,Trajectory Optimization,Planning,Path/Motion Planning,Trajectory Optimization
iSpaRo,2025,8,Deep Physics-Informed Extreme Learning Machines for Orbit Determination,Fabian Dallinger; Thomas Andert; Benedikt Aigner; Benjamin Haser,0,10.1109/isparo66239.2025.11437192,Learning for Robotics,Deep Learning Application,Generic Learning,Perception & Sensing,Visual Perception,Pose Estimation
iSpaRo,2025,7,Deep Reinforcement Learning for Multi-Agent Spacecraft Electromagnetic Formation Flight,Josef X. Biberstein; Shreeyam Kacker; Kerri Cahoy; Sertac Karaman,0,10.1109/isparo66239.2025.11436505,Application Domains,Space Robotics,Space / Orbital Robotics,Multi-Robot Systems,Coordination,Multi-Agent Coordination
iSpaRo,2025,6,Deep Reinforcement Learning for Smooth Guidance of a Free-Floating Robot in Point-to-Point Tasks,Jan Luca Loettgen; Matteo Ceriotti; Gerardo Aragon-Camarasa; Kevin Worrall,0,10.1109/isparo66239.2025.11436749,Learning for Robotics,Reinforcement Learning,RL,Control,Learning-based Control,Learning-based Control
iSpaRo,2025,8,Design and Analysis of a Limbed Climbing Robot for Irregular Angled Surfaces,Peter Panorel; Kenji Nagaoka,0,10.1109/isparo66239.2025.11436798,Locomotion,Bio-inspired Locomotion,Climbing Robot,Locomotion,Bio-inspired Locomotion,Climbing Robot
iSpaRo,2025,6,Design and Development of a Modular Bucket Drum Excavator for Lunar ISRU,Simon Giel; James Hurrell; Shreya Santra; Ashutosh Mishra; Kentaro Uno; Kazuya Yoshida,0,10.1109/isparo66239.2025.11437320,Application Domains,Field Robotics,Construction / Excavation Robotics,Robot Design & Hardware,Modular / Reconfigurable Robot,Modular / Reconfigurable
iSpaRo,2025,6,Design and Development of Modular Limbs for Reconfigurable Robots on the Moon,Gustavo H. Diaz; A. Sejal Jain; Matteo Brugnera; Elian Neppel; Shreya Santra; Kentaro Uno; Kazuya Yoshida,0,10.1109/isparo66239.2025.11437309,Robot Design & Hardware,Modular / Reconfigurable Robot,Modular / Reconfigurable,Robot Design & Hardware,Modular / Reconfigurable Robot,Modular / Reconfigurable
iSpaRo,2025,7,Design and Kinematics of an Active Suspension Rover for Extreme Terrains,Sarah M. Lam; Heaven De Leon; David Dugas; Daniyal Ansari; Robert O. Ambrose,0,10.1109/isparo66239.2025.11436315,Theoretical Foundations,Kinematics,Kinematic Analysis,Locomotion,Wheeled Locomotion,Planetary / Rover Mobility
iSpaRo,2025,6,Design and Performance Evaluation of a Scalable Rectenna for Microwave Wireless Charging of Modular Lunar Robots,A. Sejal Jain; Shreya Santra; Hiroyasu Sato; Qiang Chen; Kazuya Yoshida,0,10.1109/isparo66239.2025.11437049,Application Domains,Space Robotics,Space / Orbital Robotics,Robot Design & Hardware,Modular / Reconfigurable Robot,Modular / Reconfigurable
iSpaRo,2025,7,Design and Validation of a Dual-LiDAR Module for Real-Time Slope Estimation on Pressurized Spherical Rovers Descending Lunar Craters,Derek J. Pravecek; Christian J. Flewelling; Mauricio A. Treviño Iv; Rishi V. Jangale; Aaron Villanueva; Garrett Jibrail; Robert O. Ambrose,0,10.1109/isparo66239.2025.11437321,Perception & Sensing,LiDAR Perception,Point Cloud Processing,Perception & Sensing,LiDAR Perception,Point Cloud Processing
iSpaRo,2025,6,Designing for Distributed Heterogeneous Modularity: On Software Architecture and Deployment of the MoonBots,Elian Neppel; Shamistan Karimov; Ashutosh Mishra; Gustavo H. Diaz; Hazal Gozbasi; Shreya Santra; Kentaro Uno; Kazuya Yoshida,0,10.1109/isparo66239.2025.11436187,Robot Software & Architecture,Robot Architecture / Middleware,Architecture / Software,Robot Design & Hardware,Modular / Reconfigurable Robot,Modular / Reconfigurable
iSpaRo,2024,6,Design of a Health Monitoring System for a Planetary Exploration Rover,Sarah Swinton; Euan McGookin; Douglas Thomson,2,10.1109/isparo60631.2024.10687483,Application Domains,Space Robotics,Planetary Rover,Planning,Navigation,Autonomous Exploration
iSpaRo,2025,6,Determine the Payload Capacity of a Rover by Simulation and Experiment,Antoine Pignède; Dennis Franke; Lukas Ruschinzik; Johannes Koch; Manuel Schütt; Dario Lizio; Roy Lichtenheldt,0,10.1109/isparo66239.2025.11436471,Other / Unclassified,Unclassified,Unclassified,Locomotion,Wheeled Locomotion,Planetary / Rover Mobility
iSpaRo,2025,8,Development of Bucket Drum Excavation System with Reaction Force Control for In-Situ Resource Utilization,Tomoyasu Nakano; Takuya Omura; Genya Ishigami,0,10.1109/isparo66239.2025.11437366,Control,Force / Impedance Control,Force Control,Robot Design & Hardware,Mechanism Design,Mechanism / Arm / Suspension Design
iSpaRo,2025,8,Development of Multi-Layered Wheels for Lunar Rover,Taichi Haraguchi; Kimitaka Watanabe; Kazuto Tanaka; Masataka Kawaguchi,0,10.1109/isparo66239.2025.11437402,Application Domains,Space Robotics,Planetary Rover,Locomotion,Wheeled Locomotion,Planetary / Rover Mobility
iSpaRo,2024,6,Development strategies for multi-robot teams in context of planetary exploration,Wiebke Brinkmann; Leon Danter; Amrita Suresh; Mehmed Yüksel; Manuel Meder; Frank Kirchner,1,10.1109/isparo60631.2024.10687872,Application Domains,Space Robotics,Space / Orbital Robotics,Planning,Navigation,Autonomous Exploration
iSpaRo,2024,7,Disturbance effects observed during micro-gravity experiments on the Astrobee free-flyer and mitigation measures,Monica Ekal; Rodrigo Ventura,0,10.1109/isparo60631.2024.10688083,Locomotion,Aerial Locomotion,Insect-scale / Pico Aerial,Other / Unclassified,Unclassified,Unclassified
iSpaRo,2024,7,Efficient Arm Motion Planning with Reduced Viapoints for Mars Rover Operations,Justin Huang; Valen Yamamoto; Ana Warner,0,10.1109/isparo60631.2024.10688035,Application Domains,Space Robotics,Planetary Rover,Planning,Path/Motion Planning,Trajectory Optimization
iSpaRo,2025,8,Enabling World Information Exchange in a Heterogeneous Team of Robots for Mobile Manipulation,Ryo Sakagami; Martin J. Schuster; Riccardo Giubilato; Alin Albu-Schäffer; Freek Stulp; Andreas Dömel,0,10.1109/isparo66239.2025.11436782,Manipulation,Mobile Manipulation,Mobile Manipulator,Manipulation,Mobile Manipulation,Mobile Manipulator
iSpaRo,2025,7,Energy-Efficient Learning-Based Control of a Legged Robot in Multiple Gravity Environments,Philip Arm; Oliver Fischer; Joseph Church; Adrian Fuhrer; Hendrik Kolvenbach; Marco Hutter,0,10.1109/isparo66239.2025.11436363,Locomotion,Legged Locomotion,Legged (general),Control,Learning-based Control,Learning-based Control
iSpaRo,2025,8,Enhancing On-Board Orbit Prediction with Machine Learning,Benedikt Aigner; Thomas Andert; Fabian Dallinger; Benjamin Haser; Johannes Bachmann; Francesco Porcelli; Ernesto Rama Novo,0,10.1109/isparo66239.2025.11436163,Learning for Robotics,Deep Learning Application,Generic Learning,Learning for Robotics,Deep Learning Application,Learning / ML Application
iSpaRo,2024,7,Estimating Rover Slope Climbing Ability from Single Wheel Experiments,Alexander Demishkevich; Krzysztof Skonieczny,0,10.1109/isparo60631.2024.10688321,Manipulation,Contact-rich Manipulation,Assembly / Insertion / Peg-in-hole,Locomotion,Wheeled Locomotion,Planetary / Rover Mobility
iSpaRo,2025,8,Evaluating Robustness and Adaptability in Learning-Based Mission Planning for Active Debris Removal,Agni Bandyopadhyay; Günther Waxenegger-Wilfing,0,10.1109/isparo66239.2025.11436884,Planning,Path/Motion Planning,Motion / Path Planning,Planning,Task & Motion Planning,Task / Mission Planning
iSpaRo,2025,7,Evaluating the Performance of the Novel Spoke Design in the SCOUT rover’s Rimless Wheels,Dennis Franke; Johannes Koch; Antoine Pignede; Lukas Ruschinzik; Manuel Schütt; Roy Lichtenheldt,0,10.1109/isparo66239.2025.11436372,Locomotion,Wheeled Locomotion,Mobile Wheeled Robot,Locomotion,Wheeled Locomotion,Planetary / Rover Mobility
iSpaRo,2024,6,Evaluating the Reliability of Vision Transformers for Space Robotics Applications,Pablo Rafael Bodmann; Paolo Rech; Matteo Saveriano,1,10.1109/isparo60631.2024.10687576,Application Domains,Space Robotics,Space / Orbital Robotics,Learning for Robotics,Deep Learning Application,Learning / ML Application
iSpaRo,2025,8,EVE: A Preliminary Study of an Autonomous Robotic Assistant for Plant Cultivation in Future Lunar Greenhouses,Andre Fonseca Prince; Caroline Specht; Werner Friedl; Leonard Klüpfel; Ajithkumar N. Manaparampil; Claudia Philpot; Daniel Schubert; Daniel Leidner,0,10.1109/isparo66239.2025.11437278,Application Domains,Field Robotics,Agricultural Robotics,Human-Robot Interaction,Shared Autonomy,Shared Autonomy / Control
iSpaRo,2024,8,Field Trials of the Integrated BreadBoard 3: Demonstrating a Rover System in the Sample Fetch Rover Mission Context,Róbert Marc; Chris Barclay; Geoffray Doignon; J.Ricardo Sanchez-Ibanez; Ben Brayzier; Raul Arribas; Gianluca Borgo; Max Braun; Binal Chavda; Todd Cooper; Elia D’Ambrosi; Michael Dinsdale; Charlotte Garcia; Chris Hackett; Duncan Hamill; William Horton; Chris Lee; Yvonne Pickering; Jason Richards; Vin,0,10.1109/isparo60631.2024.10687799,Other / Unclassified,Unclassified,Unclassified,Locomotion,Wheeled Locomotion,Planetary / Rover Mobility
iSpaRo,2025,8,FLOATS: Flexible Light-weight On-orbit Actuator Simulation,Marie-Elisabeth Makohl; Cristina Piazza; Daniel Leidner,0,10.1109/isparo66239.2025.11437371,Application Domains,Space Robotics,Space / Orbital Robotics,Robot Design & Hardware,Actuators,Actuator / Power Hardware
iSpaRo,2025,8,"Free-Flying Crew Cooperative Robots on the ISS: A Joint Review of Astrobee, CIMON, and Int-Ball Operations",Seiko Piotr Yamaguchi; Andres Mora Vargas; Till Eisenberg; Christian Rogon; Tatsuya Yamamoto; Shona Inoue; Christoph Kössl; Brian Coltin; Trey Smith; Jose V. Benavides,1,10.1109/isparo66239.2025.11436992,Application Domains,Space Robotics,Space / Orbital Robotics,Planning,Task & Motion Planning,Task / Mission Planning
iSpaRo,2024,6,Gait Analysis and Control of Rimless Wheel Rovers for Planetary Exploration,Dennis Schlee; Shubham Vyas; Rauĺ Domínguez; Frank Kirchner,1,10.1109/isparo60631.2024.10688005,Application Domains,Space Robotics,Planetary Rover,Planning,Navigation,Autonomous Exploration
iSpaRo,2025,6,Gecko-Inspired Adhesive Lasso for De-tumbling Orbital Debris,EmJ Rennich; Kayla Magruder; Mark Cutkosky,0,10.1109/isparo66239.2025.11436808,Application Domains,Space Robotics,Space / Orbital Robotics,Locomotion,Bio-inspired Locomotion,Climbing Robot
iSpaRo,2025,8,Geometric Motion Planning of Free-Floating Space Robot Based on Gauge Fields in Shape Space,Kazutoshi Ito; Tomohiro Yanao,0,10.1109/isparo66239.2025.11437386,Application Domains,Space Robotics,Space / Orbital Robotics,Planning,Path/Motion Planning,Trajectory Optimization
iSpaRo,2025,8,Ground-Truth Validation of the Motion Suspension System for the Qualification of Space Robotic Manipulators,Ferdinand Elhardt; Andreas Stemmer; Manfred Schedl; Marco De Stefano; Tobias Bruckmann; Maximo A. Roa,0,10.1109/isparo66239.2025.11437155,Application Domains,Space Robotics,Space / Orbital Robotics,Robot Design & Hardware,Mechanism Design,Mechanism / Arm / Suspension Design
iSpaRo,2025,8,High-Speed Wheel Performance Linear Regression Modeling on Loose Terrain Based on Single-Wheel Experiment,Keisuke Takehana; Tsutomu Hamabe; Fumito Kurata; Yuya Onozuka; Kazuya Yoshida,0,10.1109/isparo66239.2025.11436860,Locomotion,Wheeled Locomotion,Mobile Wheeled Robot,Locomotion,Wheeled Locomotion,Planetary / Rover Mobility
iSpaRo,2024,8,Identifying Challenges and Validating Solutions for Dexterous Operations in Space Environments with Communication Delays,Itoshi Naramura; Yili Dong; Hiroyuki Kaneko; Tetsuaki Kurebayashi; Mako Sudo; Riichi Itakura; Seiko. P. Yamaguchi; Masaaki Muromachi; Tetsuya Inagaki,2,10.1109/isparo60631.2024.10687466,Manipulation,Dexterous Manipulation,In-hand / Multi-finger,Planning,Task & Motion Planning,Task / Mission Planning
iSpaRo,2025,8,Improved 3D Gaussian Splatting of Unknown Spacecraft Structure Using Space Environment Illumination Knowledge,Tae Ha Park; Simone D’Amico,1,10.1109/isparo66239.2025.11437016,SLAM & Localization,SLAM,Neural Implicit / Gaussian Splatting SLAM,Perception & Sensing,Visual Perception,3D Reconstruction / Neural Field
iSpaRo,2025,8,Improving Contact Time in Active Debris Removal Interaction via Optimised Hybrid Compliance,Maxime Hubert Delisle; Mohatashem Reyaz Makhdoomi; Barış C. Yalçın; Miguel Olivares-Mendez; Carol Martinez,0,10.1109/isparo66239.2025.11436412,Other / Unclassified,Unclassified,Unclassified,Other / Unclassified,Unclassified,Unclassified
iSpaRo,2024,7,Inertial LiDAR Motion Distortion Correction on Spherical Mobile Mapping Systems for Planetary Exploration,Paul Heinisch; Fabian Arzberger; Andreas Nüchter,2,10.1109/isparo60631.2024.10687505,Perception & Sensing,LiDAR Perception,Point Cloud Processing,SLAM & Localization,SLAM,Dense Mapping / Reconstruction
iSpaRo,2024,6,Int-Ball2: ISS JEM Internal Camera Robot with Increased Degree of Autonomy – Design and Initial Checkout,Seiko P. Yamaguchi; Tatsuya Yamamoto; Hideyuki Watanabe; Riichi Itakura; Masaru Wada; Shinji Mitani; Daichi Hirano; Keisuke Watanabe; Taisei Nishishita; Yuta Kawai; Shota Inoue; Yusuke Arai; Keiji Hagiwara; Yuya Shimoda; Masayuki. Yamamoto; Kazuko Hagiwara; Soki Kuga; Ikujiro Ao; Hideaki Kikuchi,4,10.1109/isparo60631.2024.10688008,Robot Design & Hardware,Mechanism Design,Robot Design (general),Robot Design & Hardware,Mechanism Design,Mechanism / Arm / Suspension Design
iSpaRo,2025,7,Investigation of Gait Control Strategies for the Locomotion Behavior of the CHERI Quadrupedal Lunar Rover,N. Tarık Mut; Nisanur Tahtalıoğlu; Eren Kazaz; Denge Uzel; Abdullah Naci Bodur; Ahmet Berkay Kara; Halil Ersin Söken; Mustafa Mert Ankaralı,0,10.1109/isparo66239.2025.11436234,Application Domains,Space Robotics,Planetary Rover,Locomotion,Legged Locomotion,Quadruped
iSpaRo,2025,7,Learning Decentralized Routing Policies via Graph Attention-based Multi-Agent Reinforcement Learning in Lunar Delay-Tolerant Networks,Federico Lozano-Cuadra; Beatriz Soret; Marc Sanchez Net; Abhishek Cauligi; Federico Rossi,0,10.1109/isparo66239.2025.11437303,Application Domains,Space Robotics,Space / Orbital Robotics,Multi-Robot Systems,Coordination,Multi-Agent Coordination
iSpaRo,2024,8,Leveraging Procedural Generation for Learning Autonomous Peg-in-Hole Assembly in Space,Andrej Orsula; Matthieu Geist; Miguel Olivares-Mendez; Carol Martinez,2,10.1109/isparo60631.2024.10688111,Manipulation,Contact-rich Manipulation,Assembly / Insertion / Peg-in-hole,Manipulation,Contact-rich Manipulation,Assembly / Insertion / Peg-in-hole
iSpaRo,2025,8,Localization-aware Trajectory Planning on SE(3) for Intravehicular Robots,Caroline Specht; Tommaso Faraci; Victor Kowalski Martins; Roberto Lampariello,0,10.1109/isparo66239.2025.11437143,SLAM & Localization,Localization,General Localization,SLAM & Localization,Localization,UWB / WiFi / Radio Localization
iSpaRo,2025,7,Long-Reach Robotic Manipulation for Assembly and Outfitting of Lunar Structures,Stanley Wang; Venny Kojouharov; Long Yin Chung; Daniel Morton; Mark Cutkosky,1,10.1109/isparo66239.2025.11437024,Application Domains,Space Robotics,Space / Orbital Robotics,Manipulation,Contact-rich Manipulation,Assembly / Insertion / Peg-in-hole
iSpaRo,2025,7,"LunaPolaris: A stereo camera, point cloud and IMU dataset for future lunar exploration in polar regions",Dave van der Meer; Uland Wong; Miguel Olivares-Mendez,0,10.1109/isparo66239.2025.11436512,Perception & Sensing,LiDAR Perception,Point Cloud Processing,Perception & Sensing,LiDAR Perception,Point Cloud Processing
iSpaRo,2025,7,Machine Learning and Heuristic Hybrid Control System for Complex Manipulation Automation in Space: Flexible Object Handling for Intra-Vehicular Task Assistance,Shu Morikuni; Seiko Piotr Yamaguchi; Kazuya Ito; Honda Akihiko; Richi Itakura,0,10.1109/isparo66239.2025.11437174,Manipulation,General Manipulation,Manipulator Control / Planning,Manipulation,Contact-rich Manipulation,Deformable Object Manipulation
iSpaRo,2024,6,Martian Exploration of Lava Tubes (MELT) with ReachBot: Scientific Investigation and Concept of Operations,Julia Di; Sara Cuevas-Quiñones; Stephanie Newdick; Tony G. Chen; Marco Pavone; Mathieu G. A. Lapôtre; Mark Cutkosky,3,10.1109/isparo60631.2024.10687389,Application Domains,Space Robotics,Space / Orbital Robotics,Planning,Navigation,Autonomous Exploration
iSpaRo,2025,7,Mobility test means of the MMX Rover IDEFIX at DLR – Prototypix,Fabian Buse; Lukas Burkhard; Nico Borgsmüller; Erich Krämer; Marie Kretschmer; Henrik Muders; Juliane Skibbe; Roman Weinberger,0,10.1109/isparo66239.2025.11436661,Other / Unclassified,Unclassified,Unclassified,Locomotion,Wheeled Locomotion,Planetary / Rover Mobility
iSpaRo,2025,8,Model-Free Learning Compensation of Robotic Arm Manoeuvres for a Free-Flying Base*,Adam Vigneron; Steve Ulrich,0,10.1109/isparo66239.2025.11436306,Application Domains,Space Robotics,Space / Orbital Robotics,Control,Learning-based Control,Learning-based Control
iSpaRo,2024,8,Modified Optimal Motion Cueing Algorithm with Haptic Feedback for Full Motion Simulation for a Reduced Gravity Environment,Julia Born; Andreas Seefried; Miguel Neves; Houshyar Asadi; Tobias Bellmann,0,10.1109/isparo60631.2024.10687822,Human-Robot Interaction,Haptic Devices & Rendering,Haptic Display / Force Feedback,Robot Software & Architecture,Simulation & Digital Twin,Simulation Framework / HIL
iSpaRo,2025,7,Multi-Modal Decentralized Reinforcement Learning for Modular Reconfigurable Lunar Robots,Ashutosh Mishra; Shreya Santra; Elian Neppel; Edoardo M. Rossi Lombardi; Shamistan Karimov; Kentaro Uno; Kazuya Yoshida,1,10.1109/isparo66239.2025.11436148,Application Domains,Space Robotics,Space / Orbital Robotics,Perception & Sensing,Multi-modal Perception,Sensor Fusion
iSpaRo,2024,8,Multi-Objective Global Path Planning for Lunar Exploration With a Quadruped Robot,Julia Richter; Hendrik Kolvenbach; Giorgio Valsecchi; Marco Hutter,6,10.1109/isparo60631.2024.10688158,Application Domains,Space Robotics,Space / Orbital Robotics,Planning,Path/Motion Planning,Motion / Path Planning
iSpaRo,2024,8,Multi-Robot Strategies for Communication-Constrained Exploration and Electrostatic Anomaly Characterization,Gjosse Zijlstra; Karen L. Aplin; Edmund R. Hunt,2,10.1109/isparo60631.2024.10687957,Multi-Robot Systems,Coordination,Multi-Robot Coordination,Planning,Navigation,Autonomous Exploration
iSpaRo,2025,8,NealAI: A RAG-based Chat Assistant Supporting Command of a Robotic Team from the ISS,Philipp G. Knestel; Luisa Mayershofer; Anne Köpken; Nesrine Batti; Florian S. Lay; Timo Bachmann; Sant Brinkman; Jörg Butterfaß; Emiel Den Exter; Tristan Ehlert; Werner Friedl; Thomas Gumpert; Xiaozhou Luo; Ajithkumar N. Manaparampil; Tai Mai; Antoin Raffin; Florian Schmidt; Annika Schmidt; Daniel S,0,10.1109/isparo66239.2025.11436289,Robot Design & Hardware,Mechanism Design,Bio-inspired Mechanism,Human-Robot Interaction,Teleoperation,General Teleoperation
iSpaRo,2025,8,NeRF-based Visualization of 3D Cues Supporting Data-Driven Spacecraft Pose Estimation,Antoine Legrand; Renaud Detry; Christophe De Vleeschouwer,0,10.1109/isparo66239.2025.11436169,Perception & Sensing,Visual Perception,3D Reconstruction / Neural Field,Perception & Sensing,Visual Perception,3D Reconstruction / Neural Field
iSpaRo,2025,8,NODA-MMH: Certified Learning-Aided Nonlinear Control for Magnetically-Actuated Swarm Experiment Toward On-Orbit Proof,Yuta Takahashi; Atsuki Ochi; Yoichi Tomioka; Shin-Ichiro Sakai,3,10.1109/isparo66239.2025.11437074,Application Domains,Space Robotics,Space / Orbital Robotics,Control,Classical Control,Adaptive / Robust / Nonlinear Control
iSpaRo,2025,6,Non-Invasive Six-Axis Force-Torque Sensor Temperature Correction & Calibration Refinement with Application to the Robotic Space Simulator,Eddie Hilburn; Adam Pettinger; Annanya Tyagi; James Lee; Robert Ambrose,0,10.1109/isparo66239.2025.11437244,SLAM & Localization,Calibration,Sensor Calibration,Robot Design & Hardware,Actuators,Actuator / Power Hardware
iSpaRo,2025,6,"Nonlinear H
                    <sub>∞</sub>
                    Optimal Control for a Free-Floating Space Manipulator with Reaction Wheels under Modeling Uncertainties",Junsik Kim; Minchang Sung; HanEol Lee; Younghoon Choi; Daehee Won; Youngjin Choi,0,10.1109/isparo66239.2025.11436867,Application Domains,Space Robotics,Space / Orbital Robotics,Control,Classical Control,Adaptive / Robust / Nonlinear Control
iSpaRo,2025,8,Nonlinear Model Predictive Control for Free Floating Soft Space Robot System,Xiaoqian Gao; Tomasz Rybus; Karol Seweryn; Tadeusz Uhl,0,10.1109/isparo66239.2025.11436644,Application Domains,Space Robotics,Space / Orbital Robotics,Control,Optimal / Predictive Control,Model Predictive Control
iSpaRo,2025,8,"Novel Folding Method for Flexible Planes with Non-Negligible Thickness for Autonomous Solar and Antenna Array Deployment
                    <sup>*</sup>",Mitsuhiko Yasuhara; Hiraku Sakamoto,0,10.1109/isparo66239.2025.11437212,Application Domains,Autonomous Driving,Driving Perception / Lane / Road,Robot Software & Architecture,Robot Software,Software Architecture / Deployment
iSpaRo,2024,8,Object-centric Reconstruction and Tracking of Dynamic Unknown Objects Using 3D Gaussian Splatting,Kuldeep R Barad; Antoine Richard; Jan Dentler; Miguel Olivares-Mendez; Carol Martinez,12,10.1109/isparo60631.2024.10688304,SLAM & Localization,SLAM,Neural Implicit / Gaussian Splatting SLAM,SLAM & Localization,SLAM,Dense Mapping / Reconstruction
iSpaRo,2025,7,"OmniUnet: A Multimodal Network for Unstructured Terrain Segmentation on Planetary Rovers Using RGB, Depth, and Thermal Imagery",R. Castilla-Arquillo; C. J. Pérez-Del-Pulgar; L. Gerdes; A. Garcia-Cerezo; M. Olivares-Mendez,0,10.1109/isparo66239.2025.11436158,Application Domains,Space Robotics,Planetary Rover,Perception & Sensing,Visual Perception,Semantic / Instance Segmentation
iSpaRo,2025,8,Online Inertia Parameter Estimation for Unknown Objects Grasped by a Manipulator Towards Space Applications,Akiyoshi Uchida; Antonine Richard; Kentaro Uno; Miguel Olivares-Mendez; Kazuya Yoshida,0,10.1109/isparo66239.2025.11437302,Manipulation,Grasping,Grasp Planning / Synthesis,Perception & Sensing,Visual Perception,Pose Estimation
iSpaRo,2025,8,Online Moment of Inertia Ratio Estimation for Uncooperative Spacecraft Based-on External Angular Velocity Measurements,Yudai Furuta; Toshinori Kuwahara,0,10.1109/isparo66239.2025.11437184,Application Domains,Space Robotics,Space / Orbital Robotics,Perception & Sensing,Visual Perception,Pose Estimation
iSpaRo,2025,8,Optimal Trajectory Planning for Orbital Robot Rendezvous and Docking,Kenta Iizuka; Akiyoshi Uchida; Kentaro Uno; Kazuya Yoshida,0,10.1109/isparo66239.2025.11437304,Application Domains,Space Robotics,Space / Orbital Robotics,Planning,Path/Motion Planning,Trajectory Optimization
iSpaRo,2024,7,Optimization-Based Application Point Determination of External Wrench for Gravity Compensation of Space Manipulator,Junsik Kim; Gwangyeol Cha; Minchang Sung; Youngjin Choi; Alejandro Astudillo; Jan Swevers,0,10.1109/isparo60631.2024.10687604,Application Domains,Space Robotics,Space / Orbital Robotics,Theoretical Foundations,Optimization,Convex / Global Optimization
iSpaRo,2024,7,Optimization within and with the DLR Rover Simulation Toolkit,Antoine Pignède,3,10.1109/isparo60631.2024.10687366,Theoretical Foundations,Optimization,Optimization Methods,Locomotion,Wheeled Locomotion,Planetary / Rover Mobility
iSpaRo,2025,7,Parameter-adaptive estimation and control for a single-link flexible space manipulator carrying a large uncertain payload,Catherine Guo; Christopher J. Damaren,0,10.1109/isparo66239.2025.11436418,Application Domains,Space Robotics,Space / Orbital Robotics,Control,Classical Control,Adaptive / Robust / Nonlinear Control
iSpaRo,2024,6,Path Planning for the Pragyan Rover: Experiences and Challenges,Rima Ghosh; Shashank Tomar; Chinmay S. Mhatre; Kakanuru Sumithra; Bharat Kumar G.V.P; M.S. Siva,6,10.1109/isparo60631.2024.10687930,Planning,Path/Motion Planning,Motion / Path Planning,Planning,Path/Motion Planning,Motion / Path Planning
iSpaRo,2024,7,Planetary Localization in GPS-Deprived Environments with Open-Source Software and Commercial-Off–the-Shelf Components,Kaiaka Kepa-Alama; Baylor de Los Reyes; Andrew Tennebaum; Hao Wang; Frances Zhu,0,10.1109/isparo60631.2024.10688190,SLAM & Localization,Localization,General Localization,SLAM & Localization,Localization,UWB / WiFi / Radio Localization
iSpaRo,2025,7,PLUME: Procedural Layer Underground Modeling Engine,Gabriel Manuel Garcia; Antoine Richard; Miguel Olivares-Mendez,0,10.1109/isparo66239.2025.11436893,Other / Unclassified,Unclassified,Unclassified,Other / Unclassified,Unclassified,Unclassified
iSpaRo,2024,6,Portable Bevameter Design for Geotechnical Characterization on Planetary Surfaces,Jack Saito; Hao Wang; Frances Zhu,0,10.1109/isparo60631.2024.10687506,Application Domains,Space Robotics,Space / Orbital Robotics,Robot Design & Hardware,Mechanism Design,Mechanism / Arm / Suspension Design
iSpaRo,2024,8,Precise orbit determination through a joint analysis of optical and radiometric data,Simone Andolfo; Antonio Genova; Pierluigi Federici; Riccardo Teodori; Valeria Cottini,3,10.1109/isparo60631.2024.10687705,Other / Unclassified,Unclassified,Unclassified,Perception & Sensing,Visual Perception,Pose Estimation
iSpaRo,2024,8,RAPF: Efficient path planning for lunar microrovers,Thomas Manteaux; David Rodríguez-Martínez; Raj Thilak Rajan,2,10.1109/isparo60631.2024.10688117,Application Domains,Space Robotics,Planetary Rover,Planning,Path/Motion Planning,Motion / Path Planning
iSpaRo,2024,6,RAPID & FASTNAV Projects: High-Speed Semi-Autonomous Rovers Enabling High Return Planetary Missions,Matteo De Benedetti; Steven Kay; Jorge Ocón; Raquel Jalvo; Manuel Esquer Cerezo; Augusto Gómez Eguíluz; Mercedes Alonso; Javier Ramos Fernandez; Karl Buckley; Robert Field; Angus Cameron; Vassilios Papantoniou; Ares Papantoniou; Carlos Perez del Pulgar; Konstantinos Kapellos; Martin Azkarate,2,10.1109/isparo60631.2024.10688088,Application Domains,Space Robotics,Planetary Rover,Locomotion,Wheeled Locomotion,Planetary / Rover Mobility
iSpaRo,2025,8,Real-Time Satellite Proximity Operations Using Electromagnetic Interactions with Singularity-Robustness and Modeling Error Compensation,Hideki Yoshikado; Shin-Ichiro Sakai,0,10.1109/isparo66239.2025.11437086,Theoretical Foundations,Kinematics,Kinematic Analysis,Planning,Task & Motion Planning,Task / Mission Planning
iSpaRo,2025,7,Reduced Interface Model of Flexible Space Robotic Arms and the Application for Robotic Interaction Tasks,Xu Dai; Ali Raoofian; József Kövecses; Marek Teichmann,0,10.1109/isparo66239.2025.11436829,Application Domains,Space Robotics,Space / Orbital Robotics,Application Domains,Space Robotics,Space / Orbital Robotics
iSpaRo,2024,7,Remote Operations and Streamlining Communication in Mars Analog Missions: Robot-Agnostic Augmented Interface for Live Annotations During Teleoperated Exploration Tasks,Rute Luz; Gonçalo Coelho; Mariana Campos; Rui Abrantes; Ricardo Querido; Margarida Pereira; Inês Sousa; Jéssica Corujeira; José Luís Silva; Rodrigo Ventura,0,10.1109/isparo60631.2024.10688246,Human-Robot Interaction,Teleoperation,General Teleoperation,Planning,Navigation,Autonomous Exploration
iSpaRo,2024,7,Revisiting Space Mission Planning: A Reinforcement Learning-Guided Approach for Multi-Debris Rendezvous,Agni Bandyopadhyay; Günther Waxenegger-Wilfing,4,10.1109/isparo60631.2024.10687704,Multi-Robot Systems,Coordination,Formation / Consensus / Flocking,Planning,Task & Motion Planning,Task / Mission Planning
iSpaRo,2024,6,Risk-Aware Coverage Path Planning for Lunar Micro-Rovers Leveraging Global and Local Environmental Data,Shreya Santra; Kentaro Uno; Gen Kudo; Kazuya Yoshida,6,10.1109/isparo60631.2024.10687663,Application Domains,Space Robotics,Planetary Rover,Planning,Path/Motion Planning,Motion / Path Planning
iSpaRo,2024,5,RLRoverLAB: An Advanced Reinforcement Learning Suite for Planetary Rover Simulation and Training,Anton Bjørndahl Mortensen; Simon Bøgh,4,10.1109/isparo60631.2024.10687686,Application Domains,Space Robotics,Planetary Rover,Locomotion,Wheeled Locomotion,Planetary / Rover Mobility
iSpaRo,2025,7,Robotic push-based self-assembly of hexagonal tiles for space applications,Chayada Thidrasamee; Sabine Hauert; Lucy Berthoud,0,10.1109/isparo66239.2025.11436347,Manipulation,Contact-rich Manipulation,Assembly / Insertion / Peg-in-hole,Manipulation,Contact-rich Manipulation,Assembly / Insertion / Peg-in-hole
iSpaRo,2024,7,Robust Mobility Performance of Lunar Exploration Rovers Under Multiple Wheel Failure Scenarios,Jorge Ruben Casir Ricano; Ryota Hino; Yuzuki Fukata; Taichi Nakamura; Tomoki Koshi; Sota Yuasa; Kenji Nagaoka,1,10.1109/isparo60631.2024.10687994,Application Domains,Space Robotics,Planetary Rover,Planning,Navigation,Autonomous Exploration
iSpaRo,2025,8,Rover Mobility in a Lunar Analogue Dataset,Bailey C. Hopkins; Ryan Hartzell; Ethan J. Paul; Cameron Hinkle; Charles Yuroff; Christopher Dreyer; Frances Zhu,0,10.1109/isparo66239.2025.11436656,Application Domains,Space Robotics,Planetary Rover,Locomotion,Wheeled Locomotion,Planetary / Rover Mobility
iSpaRo,2024,7,Semantic Masking and Visual Feature Matching for Robust Localization,Luisa Mao; Ryan Soussan; Brian Coltin; Trey Smith; Joydeep Biswas,2,10.1109/isparo60631.2024.10688001,SLAM & Localization,Localization,Visual Localization,SLAM & Localization,Localization,UWB / WiFi / Radio Localization
iSpaRo,2024,6,Sensor data fusion for precise orbit determination of interplanetary spacecraft,Antonio Genova; Simone Andolfo; Martina Ciambellini; Pierluigi Federici; Riccardo Teodori; Tommaso Torrini; Alessandro Zavoli; Edoardo Del Vecchio; Anna Maria Gargiulo; Flavio Petricca; Guido De Matteis; Valeria Cottini,1,10.1109/isparo60631.2024.10688208,Application Domains,Space Robotics,Space / Orbital Robotics,Perception & Sensing,Visual Perception,Pose Estimation
iSpaRo,2024,8,Shadow-Aware Formation Flying Using Solar Radiation Pressure with Neural Network,Shogo Kitamura; Keito Otsubo; Toshihiro Chujo; Hiroki Nakanishi,1,10.1109/isparo60631.2024.10688266,Locomotion,Aerial Locomotion,Multirotor / Quadrotor,Learning for Robotics,Deep Learning Application,Learning / ML Application
iSpaRo,2025,7,Sim2Dust: Mastering Dynamic Waypoint Tracking on Granular Media,Andrej Orsula; Matthieu Geist; Miguel Olivares-Mendez; Carol Martinez,2,10.1109/isparo66239.2025.11436990,Manipulation,Contact-rich Manipulation,Liquid / Granular Manipulation,Other / Unclassified,Unclassified,Unclassified
iSpaRo,2025,6,Simulated Regolith Testing of Origami-Based Covers for Space Robots,Brigid Hickey; Ryan St. Pierre,0,10.1109/isparo66239.2025.11437076,Application Domains,Space Robotics,Space / Orbital Robotics,Robot Design & Hardware,Soft Robotics,Inflatable / Soft Robot Design
iSpaRo,2024,6,Simulation platform to design and validate control laws for a space manipulator system performing on-orbit servicing,Sofiane Kraïem; Mathieu Rognant; Sérgio Waitman,1,10.1109/isparo60631.2024.10687658,Application Domains,Space Robotics,Space / Orbital Robotics,Robot Design & Hardware,Mechanism Design,Mechanism / Arm / Suspension Design
iSpaRo,2025,6,Slip Computation of Chandrayaan 3 Rover using Chandrayaan 2 High Resolution Camera Images,Chinmay S Mhatre; Rima Ghosh; Shashank Tomar; Motamarri Srikanth; Navale Sonal Girdharlal; Indrakanti Santa Raghuma; Kaushlendra Kumar Kaushal; M S Siva,0,10.1109/isparo66239.2025.11436477,Perception & Sensing,Visual Perception,General Perception,Locomotion,Wheeled Locomotion,Planetary / Rover Mobility
iSpaRo,2025,8,Slope-aware Maximum Uncertainty Sampling for Time-efficient Robotic Mapping on Rough Terrain,Minori Tazaki; Genya Ishigami,0,10.1109/isparo66239.2025.11436688,Planning,Navigation,Off-road / Unstructured Terrain Navigation,SLAM & Localization,SLAM,Dense Mapping / Reconstruction
iSpaRo,2025,8,Solar Sail Attitude Control via a Control Boom and Control Vanes through Deep Reinforcement Learning,Kazutoshi Ito; Tomohiro Yanao,0,10.1109/isparo66239.2025.11436554,Learning for Robotics,Reinforcement Learning,RL,Learning for Robotics,Reinforcement Learning,RL for Robotics
iSpaRo,2024,6,Space Debris Active Interception Using Spacecraft Swarm Based on Differential Game Theory,Fang Zhengqing; Kinthong Lee; Wang Zhaokui,2,10.1109/isparo60631.2024.10687561,Application Domains,Space Robotics,Space / Orbital Robotics,Application Domains,Space Robotics,Space / Orbital Robotics
iSpaRo,2024,8,Space Debris Reliable Capturing by a Dual-Arm Orbital Robot: Detumbling and Caging,Akiyoshi Uchida; Kentaro Uno; Kazuya Yoshida,3,10.1109/isparo60631.2024.10687710,Application Domains,Space Robotics,Space / Orbital Robotics,Manipulation,Grasping,Grasp Planning / Synthesis
iSpaRo,2025,6,Task-Space Robust Control Framework of Space Manipulators for Tumbling Satellite Capture,Sofiane Kraïem; Pier Luigi Mercadante; Mathieu Rognant,0,10.1109/isparo66239.2025.11436402,Application Domains,Space Robotics,Space / Orbital Robotics,Control,Classical Control,Adaptive / Robust / Nonlinear Control
iSpaRo,2024,7,Tetherbot: Step Planning for a Cable-Driven Climbing Robot in Microgravity,Simon Harms; Kenji Nagaoka,0,10.1109/isparo60631.2024.10687482,Locomotion,Bio-inspired Locomotion,Climbing Robot,Locomotion,Bio-inspired Locomotion,Climbing Robot
iSpaRo,2025,8,"The DLR Autonomous Navigation for the MMX Rover Under Phobos Environmental Influences: Illumination, Temperature, and Radiation",Lukas Burkhard; Jitao Zheng; Hans-Jürgen Sedlmayr,0,10.1109/isparo66239.2025.11437357,Planning,Navigation,Mobile Navigation,Locomotion,Wheeled Locomotion,Planetary / Rover Mobility
iSpaRo,2024,8,The DLR Moon-Mars Test Site for Robotic Planetary Exploration,Martin Görner; Jennifer Cebulsky; Andreas Dömel; Maximilian Durner; Riccardo Giubilato; Moritz Kuhne; Marcus G. Müller; Kristin Lakatos; Peter Lehner; Roy Lichtenheldt; Bernhard Rebele; Mattias Roser; Ryo Sakagami; Yunis Scheeler; Martin J. Schuster; Manuel Schütt; Wolfgang Stürzl; Mallikarjuna Vayu,3,10.1109/isparo60631.2024.10687411,Application Domains,Space Robotics,Space / Orbital Robotics,Planning,Navigation,Autonomous Exploration
iSpaRo,2025,7,Toward Learning-Based Power Subsystem Simulation for Scalable Digital Twins in Distributed Space Systems,Angel Pan Du; Andreas M. Hein,0,10.1109/isparo66239.2025.11436987,Learning for Robotics,Deep Learning Application,Generic Learning,Multi-Robot Systems,Communication & Networks,Delay-Tolerant / Networked Robots
iSpaRo,2025,7,Towards Active Excitation-Based Dynamic Inertia Identification in Satellites,Matteo El Hariry; Vittorio Franzese; Miguel Olivares-Mendez,0,10.1109/isparo66239.2025.11436946,Theoretical Foundations,Dynamics,Robot Dynamics,Theoretical Foundations,Dynamics,Robot / Spacecraft Dynamics
iSpaRo,2025,6,Towards an Explainable Reinforcement Learning Agent for Resource-Constrained Robots,Giorgio Clivio; Luigi La Spada; Brian Davison,0,10.1109/isparo66239.2025.11437328,Learning for Robotics,Reinforcement Learning,RL,Learning for Robotics,Reinforcement Learning,RL for Robotics
iSpaRo,2024,8,Towards learning-based trajectory tracking control for a planetary exploration rover: Development and testing,Kristin Lakatos; Niklas Baldauf; Alen Turnwald,1,10.1109/isparo60631.2024.10687897,Application Domains,Space Robotics,Planetary Rover,Planning,Navigation,Autonomous Exploration
iSpaRo,2025,8,Towards Proprioceptive Terrain Mapping with Quadruped Robots for Exploration in Planetary Permanently Shadowed Regions,Alberto Sanchez-Delgado; João Carlos Virgolino Soares; Victor Barasuol; Claudio Semini,0,10.1109/isparo66239.2025.11436327,Application Domains,Space Robotics,Space / Orbital Robotics,SLAM & Localization,SLAM,Dense Mapping / Reconstruction
iSpaRo,2025,8,Traction Analysis Using Differential Suspension for Planetary Exploration Rover,Jorge Ruben Casir Ricano; Abdullah Hil Kafi; Angel Ruiz Davila; Yuzuki Fukata; Ryota Hino; Kosuke Iwatsu; Taichi Nakamura; Kenji Nagaoka,0,10.1109/isparo66239.2025.11436920,Application Domains,Space Robotics,Planetary Rover,Planning,Navigation,Autonomous Exploration
iSpaRo,2025,6,Transferable Deep Reinforcement Learning for Cross-Domain Navigation: from Farmland to the Moon,Shreya Santra; Thomas Robbins; Kazuya Yoshida,0,10.1109/isparo66239.2025.11436152,Learning for Robotics,Reinforcement Learning,RL,Learning for Robotics,Reinforcement Learning,RL for Robotics
iSpaRo,2025,8,Transformers vs CNNs: Enhancing Semantic Segmentation for Martian Terrain Classification,Fakher Mohammad; Yifan Li; Yang Gao,0,10.1109/isparo66239.2025.11436256,Perception & Sensing,Visual Perception,Semantic / Instance Segmentation,Perception & Sensing,Visual Perception,Semantic / Instance Segmentation
iSpaRo,2025,8,Traversability-Aware Planning with Dynamic Speed Profiling for Planetary Exploration,Suchetan Saravanan; Damien Vivet,0,10.1109/isparo66239.2025.11436770,Application Domains,Space Robotics,Space / Orbital Robotics,Planning,Navigation,Autonomous Exploration
iSpaRo,2025,8,TRP - Towards a Highly Versatile Utility Rover for Planetary Exploration,Martin Görner; Bernhard Vodermayer; Wieland Bertleff; Andreas Dömel; Maximilian Durner; Riccardo Giubilato; Heinrich Gmeiner; Benedikt Heinrich; Kristin Lakatos; Peter Lehner; Annika Maier; Matthias Maurer; Antoine Pignède; Josef Reill; Angelo Rito; Ryo Sakagami; Florian Schmidt; Florian Schuler; Ma,0,10.1109/isparo66239.2025.11436296,Application Domains,Space Robotics,Planetary Rover,Planning,Navigation,Autonomous Exploration
iSpaRo,2025,8,Two-Stage CNN-Based Pose Estimation for Uncooperative Axisymmetric Spacecraft,Toma Takahashi; Yudai Furuta; Toshinori Kuwahara,0,10.1109/isparo66239.2025.11436609,Perception & Sensing,Visual Perception,Pose Estimation,Perception & Sensing,Visual Perception,Pose Estimation
iSpaRo,2024,7,Two-Stage Reinforcement Learning for Planetary Rover Navigation: Reducing the Reality Gap with Offline Noisy Data,Anton Bjørndahl Mortensen; Emil Tribler Pedersen; Laia Vives Benedicto; Lionel Burg; Mads Rossen Madsen; Simon Bøgh,3,10.1109/isparo60631.2024.10687660,Application Domains,Space Robotics,Planetary Rover,Locomotion,Wheeled Locomotion,Planetary / Rover Mobility
iSpaRo,2025,8,Uncertainty-Aware Task Parameterization for Telerobotic Space Missions,Anne Köpken; Adrian S. Bauer; Nesrine Batti; Timo Bachmann; Sant Brinkman; Jörg Butterfaß; Tristan Ehlert; Emiel Den Exter; Werner Friedl; Thomas Gumpert; Philipp G. Knestel; Florian S. Lay; Xiaozhou Luo; Ajithkumar N. Manaparampil; Luisa Mayershofer; Antonin Raffin; Anne Reichert; Nicole Roshardt; ,0,10.1109/isparo66239.2025.11436623,Human-Robot Interaction,Teleoperation,General Teleoperation,Planning,Belief Space Planning,POMDP / Belief-space Planning
iSpaRo,2025,6,Virtual Production for Hardware-in-the-Loop Vision-based Orbital Navigation Experiments,Mohsi Jawaid; Marcus Märtens; Owen Claxton; Justin Du Plessis; Tat-Jun Chin,0,10.1109/isparo66239.2025.11437225,Application Domains,Space Robotics,Space / Orbital Robotics,Robot Software & Architecture,Simulation & Digital Twin,Simulation Framework / HIL
iSpaRo,2024,6,Virtual Reality Lab for Rover Navigation using Mars datasets,Raúl Castilla-Arquillo; Gonzalo J. Paz-Delgado; Matteo Madi; Carlos J. Pérez-Del-Pulgar,2,10.1109/isparo60631.2024.10687708,Learning for Robotics,Datasets & Benchmarks,Dataset,Locomotion,Wheeled Locomotion,Planetary / Rover Mobility
iSpaRo,2025,7,Vision Foundation Models for Domain Generalisable Cross-View Localisation in Planetary Ground-Aerial Robotic Teams,Lachlan Holden; Feras Dayoub; Alberto Candela; David Harvey; Tat-Jun Chin,0,10.1109/isparo66239.2025.11437007,Learning for Robotics,Foundation Models,LLM / Foundation-model Reasoning,SLAM & Localization,Localization,UWB / WiFi / Radio Localization
iSpaRo,2024,8,Visual Servoing for Robotic On-Orbit Servicing: A Survey,Lina María Amaya-Mejía; Mohamed Ghita; Jan Dentler; Miguel Olivares-Mendez; Carol Martinez,7,10.1109/isparo60631.2024.10687516,Application Domains,Space Robotics,Space / Orbital Robotics,Control,Visual Servoing,Visual Servoing
